subTitle,author,url,text,section,title,date
"Ángel Hernández, detido por ajudar sua mulher no suicídio na Espanha, pede uma lei de eutanásia:",María Sosa Troya,https://brasil.elpais.com/brasil/2019/04/05/internacional/1554461402_394602.html,"Esta foi a primeira noite que Ángel Hernández passou em casa sozinho, após a morte de sua mulher. Antes, 48 horas sem dormir. María José Carrasco lhe pedira muitas vezes que a ajudasse a acabar com o sofrimento causado por 30 anos de esclerose múltipla. Estava em fase terminal, trancada em um corpo que não podia mais se mover, com dificuldades para ouvir, ver, falar. Então ele lhe emprestou as mãos e ",Internacional,Idoso que ajudou esposa a morrer: “Os policiais diziam: teríamos feito o mesmo”,2019-04-05T21:21:42+02:00
As causas por trás do bloqueio parlamentar e da guerra interna no Governo de May,Rafa de Miguel,https://brasil.elpais.com/brasil/2019/04/02/internacional/1554203421_336330.html,Há um constrangimento entre os políticos do ,Internacional,Brexit: esses britânicos estão loucos?,2019-04-02T18:10:29-03:00
Presidente adota as medidas após os graves blecautes que deixaram o país sem água e luz no último dia 7,Alonso Moleiro,https://brasil.elpais.com/brasil/2019/04/01/internacional/1554084795_313068.html," anunciou neste domingo um plano de racionamento elétrico de 30 dias por causa dos blecautes generalizados do último dia 7 de março. Em três semanas, a ",Internacional,Maduro anuncia 30 dias de racionamento de energia na Venezuela,2019-04-01T10:15:54-03:00
"Cai sobre nossa consciência de adultos a infâmia de transformar em piadas baratas, em ironia e sarcasmo a dor de um avô pela perda de seu neto",Juan Arias,https://brasil.elpais.com/brasil/2019/03/02/opinion/1551487708_675741.html,"Sabíamos que no Brasil majoritariamente solidário, sensível à dor alheia e que ama seus pequenos, existiam monstros de ódio. Confesso, no entanto, que ignorava que fossem tantos e com tanta carga de sadismo. Estão sendo revelados pelos comentários sórdidos e até blasfemos, já que invocam a Deus como motivo da ",Opinião,A morte do inocente neto de Lula soltou os monstros do ódio,2019-03-02T12:12:07-03:00
"Anne Applebaum relata a fome premeditada por Stalin para subjugar a população da Ucrânia, frear qualquer tentativa de nacionalismo e liquidar as organizações que resistiam a integrá-la à URSS",Mario Vargas Llosa,https://brasil.elpais.com/brasil/2019/03/01/opinion/1551443408_464331.html,"Em 1928, ",Opinião,A tragédia da Ucrânia,2019-03-02T20:00:24-03:00
Se Francisco realmente conseguir lançar luz sem esconder documentos em tudo o que ainda está oculto sobre o Holocausto e a Igreja passará à história,Juan Arias,https://brasil.elpais.com/brasil/2019/03/05/opinion/1551743055_491891.html,No momento em que o papado de ,Opinião,Por que o papa Francisco ordenou a abertura dos arquivos secretos do Vaticano sobre o Holocausto judeu?,2019-03-04T21:07:23-03:00
"Ao tomar decisões pelo volume dos gritos nas redes sociais, o presidente corrompe a democracia",Eliane Brum,https://brasil.elpais.com/brasil/2019/03/06/opinion/1551904505_351681.html,"Em apenas dois meses de Governo, o Brasil se tornou o laboratório do novo autoritarismo. ",Opinião,Bolsonaro (des)governa o Brasil pelo Twitter,2019-03-07T00:16:22-03:00
Gesto pode ser tido como reconhecimento tácito da soberania israelense nessa parte de Jerusalém.,Lourdes Baeza,https://brasil.elpais.com/brasil/2019/04/01/internacional/1554141781_125242.html,"O presidente do Brasil, ",Internacional,"Em gesto inédito, Bolsonaro visita o Muro das Lamentações com Netanyahu",2019-04-01T19:38:45-03:00
"Se é preciso ouvir antes de falar, é também nosso dever falar com responsabilidade sobre as injustiças que assolam as mulheres e meninas",Debora Diniz,https://brasil.elpais.com/brasil/2019/03/01/opinion/1551471471_656137.html,Não há homem universal que represente as lutas de ,Opinião,A ética da solidariedade feminista,2019-03-07T18:14:59-03:00
Não há um jogo de causa-consequência na resposta dos conservadores aos avanços pontuais das mulheres,Debora Diniz,https://brasil.elpais.com/brasil/2019/03/07/opinion/1551994753_797742.html,"Lucía é uma menina de 11 anos. Seria uma criança anônima da cidade de Tucumán, no norte da ",Opinião,Não há ‘backlash’ provocado pelo feminismo,2019-03-09T12:34:10-03:00
"O poder do líder bolivariano na Venezuela se baseia no exército e nas milícias, um corpo de um milhão de pessoas treinadas com vassouras e rifles, que prometem dar suas vidas pela Revolução",Jacobo García,https://brasil.elpais.com/brasil/2019/03/29/internacional/1553824596_128119.html,"Carolina, cabo da milícia, e Carlos, sargento, estão preocupados com uma invasão estrangeira na ",Internacional,"Milícia, o exército popular a serviço de Maduro",2019-03-30T21:36:59-03:00
Piñera já fez vários gestos de rejeição ao passado do regime que matou mais de 3.000 chilenos. O legado econômico da ditadura também é contestado pela sociedade que cobra Educação e Previdência com ajuda do Governo,Federico Rivas Molina,https://brasil.elpais.com/brasil/2019/03/31/internacional/1554043377_971837.html,"Nos arredores da Escola Militar, em Santiago, milhares de pessoas faziam fila para cruzar o portão de entrada. A cena foi impactante. A multidão não queria perder de vista o caixão que, envolto na bandeira do Chile, abrigava os restos mortais de ",Internacional,"No Chile, a política repudia a figura de Pinochet e matiza seu legado econômico",2019-03-31T14:16:20-03:00
"De acordo com o Ipea, a vulnerabilidade das mulheres negras ao desemprego é 50% maior que a da população em geral. Nas prisões, elas somam 62% do total",Dandara Tinoco,https://brasil.elpais.com/brasil/2019/03/08/opinion/1552066061_520180.html,Lutas femininas por melhores condições de vida e trabalho estão na origem da criação de um ,Opinião,"Mulheres negras, as mais vulneráveis entre as mais vulneráveis",2019-03-09T12:56:50-03:00
"Assessores do vice-presidente de Obama, candidato óbvio para lutar contra Trump em 2020, afirmam que esses episódios não alteram decisão de aspirar à Casa Branca",Amanda Mars,https://brasil.elpais.com/brasil/2019/04/01/internacional/1554139894_782646.html,A ausência de um nome é cada vez mais estrondosa na longa lista de aspirantes democratas para derrotar ,Internacional,Ambição presidencial de Joe Biden ameaçada por duas acusações de conduta sexual imprópria,2019-04-02T14:57:12-03:00
"Presidente encerrou visita a aliado Netanyahu no Museu do Holocausto e repetiu que nazismo é de esquerda, declaração contrariada inclusive no site oficial do local",Lourdes Baeza,https://brasil.elpais.com/brasil/2019/04/02/internacional/1554216611_825972.html,O presidente ,Internacional,Bolsonaro se despede de Israel com promessas econômicas e gafe sobre nazismo,2019-04-02T16:03:54-03:00
Economista britânico Adam Tooze analisa os riscos da ascensão do populismo nas Américas e na Europa,Carmen Pérez-Lanzac,https://brasil.elpais.com/brasil/2018/12/28/economia/1546002888_851802.html,", de 51 anos, é autor de um dos livros de 2018: ",Economia,"Adam Tooze: “Bolsonaro é terrível, mas é a Itália que poderia quebrar a economia mundial”",2019-01-08T22:29:48-02:00
"Autoridade Palestina convoca embaixador no Brasil para consultas. Em visita ao Muro das Lamentações, presidente diz que palestinos têm o “direito de reclamar""",Juan Carlos Sanz,https://brasil.elpais.com/brasil/2019/03/31/politica/1554060705_325198.html,A devoção dos cristãos evangélicos em seu apoio incondicional ao ,Brasil,"Bolsonaro troca embaixada por escritório em Jerusalém, mas não evita retaliação palestina",2019-04-01T12:26:32-03:00
"Governo comunica que o mandatário, que não fala em público há sete anos, abandonará o cargo por motivos de saúde. O presidente do Senado deve convocar eleições em um prazo de 90 dias",Agências,https://brasil.elpais.com/brasil/2019/04/01/internacional/1554135457_564142.html,"O presidente argelino, ",Internacional,Argélia anuncia que Buteflika deixará a presidência antes de 28 de abril,2019-04-01T16:01:54-03:00
"“Roubaram minha identidade”, diz Rosângela Paraná, cuja certidão de nascimento foi forjada pelo avô sargento.",Joana Oliveira,https://brasil.elpais.com/brasil/2019/03/29/politica/1553877780_122371.html,"Rosângela Serra Paraná não sabe quantos anos tem ou onde nasceu. Sua certidão de nascimento, registrada em 1967 no Catete (Rio de Janeiro) e datada em 1º de outubro de 1963, é falsa. A maternidade no número 160 da Rua Marquês de Abrantes, no Flamengo, nunca existiu: o prédio pertence à autarquia de previdência dos servidores públicos desde 1958. O documento foi forjado pelo seu ""avô"", o sargento do Exército Arcy de Paiva Paraná, que, assim que ela nasceu, tirou-a dos braços de sua mãe ""prostituta"" e entregou-a ao filho —o também militar Odyr de Paiva Paraná— e à nora, Nilza Serra Paraná, que não podia gerar crianças. É essa a história da sua vida, que ela só foi conhecer em 2013.",Brasil,"Rosângela, uma das crianças sequestradas por famílias de militares na ditadura",2019-03-30T22:21:08-03:00
Presidente interino é investigado por ter desacatado proibição de deixar o país quando fez uma viagem pela América Latina no fim de fevereiro,Maolis Castro,https://brasil.elpais.com/brasil/2019/04/02/internacional/1554164472_010329.html,O chavismo prepara o terreno para uma eventual emboscada contra ,Internacional,Supremo venezuelano ordena a retirada da imunidade parlamentar de Juan Guaidó,2019-04-02T12:05:33-03:00
Presidente anuncia espaço para promoção comercial na cidade que tem peso estratégico para o Governo de Benjamin Netanyahu. Israel anuncia “forte apoio” à entrada do Brasil na OCDE,Agências,https://brasil.elpais.com/brasil/2019/03/31/politica/1554043546_030838.html,O presidente ,Brasil,"Após acenar com embaixada, Bolsonaro anuncia escritório comercial em Jerusalém",2019-03-31T17:08:00-03:00
Presidente reage a um escândalo relacionado a crimes de lesa-humanidade cometidos durante a ditadura,Magdalena Martínez,https://brasil.elpais.com/brasil/2019/04/01/internacional/1554141574_437551.html,"O ministro da Defesa do Uruguai, Jorge Menéndez, seu vice-ministro e três generais, entre eles o novo chefe do Exército, José González, foram destituídos nesta segunda-feira pelo presidente ",Internacional,Cúpula militar uruguaia cai após revelação de crimes da ditadura,2019-04-01T23:48:15-03:00
"Grupos se atacaram com paus de bandeira, socos e chutes na avenida Paulista neste domingo",Daniel Arroyo e Maria Teresa Cruz (Ponte),https://brasil.elpais.com/brasil/2019/04/01/politica/1554118634_296372.html,"“Putas feministas”, gritava descontroladamente a ativista Isabella Trevisani, 22 anos, na calçada da Avenida Paulista, região central de ",Brasil,Atos pró e contra ditadura militar terminam em confrontos em São Paulo,2019-04-01T10:32:14-03:00
"Aloy Jupiara, coautor de 'Os porões da contravenção', fala sobre o legado de profissionalização do crime deixado pelos anos de chumbo que perdura até hoje",Felipe Betim,https://brasil.elpais.com/brasil/2019/03/29/politica/1553885098_115676.html,"Trajetória similar tiveram outros vários agentes públicos da ditadura militar brasileira (1964-1985). Como o capitão do Exército Aílton Guimarães Jorge, o coronel do Exército Paulo Malhães, o policial civil Luiz Cláudio de Azeredo Vianna ou o delegado Mauro Fernando de Magalhães, alguns dos personagens do livro ",Brasil,“Lógica de usar torturadores da ditadura no crime foi usada nas milícias”,2019-04-01T13:22:17-03:00
"Marcha em São Paulo reuniu milhares de pessoas neste domingo, enquanto dez capitais se mobilizaram com ações simbólicas pelos mortos no regime. Whatsapp do Planalto divulga vídeo com defesa do golpe",Carla Jiménez,https://brasil.elpais.com/brasil/2019/04/01/politica/1554080218_534308.html,"“Isto aqui é uma psicanálise coletiva”, diz Adriano Diogo, de 70 anos, sentado num banco em frente à entrada da 36º Distrito Policial da Vila Mariana, zona sul de São Paulo. Quando Diogo tinha 23 anos, ele ficou preso nesse mesmo endereço, nos prédios do ",Brasil,Atos por memória das vítimas da ditadura se multiplicam em revés a revisionismo de Bolsonaro,2019-04-01T00:21:05-03:00
País europeu oferece oficinas por meio de instituições públicas para que as pessoas possam refutar os argumentos simplistas com os quais se deparam diariamente,Ana Carbajosa,https://brasil.elpais.com/brasil/2019/03/29/internacional/1553868997_117300.html,"Às quatro da tarde, cerca de quinze homens e mulheres ocupam seus lugares na sala de aula. Entre eles, há um funcionário de banco, um médico e uma professora. São cidadãos comuns que se inscreveram em um curso para aprender a rebater ",Internacional,Alemanha ensina a rebater o discurso populista do cunhado,2019-04-01T11:34:09-03:00
"Um mês depois da morte, laudo de exames realizados pelo Instituto Adolfo Lutz descartam todos os tipos de meningite como causa do óbito de Arthur Araújo Lula da Silva, de 7 anos",El País,https://brasil.elpais.com/brasil/2019/04/02/politica/1554238552_750714.html,O laudo de exames feitos em ,Brasil,Neto de Lula não morreu de meningite,2019-04-04T16:23:01-03:00
Prefeito é denunciado por crime de responsabilidade por supostas irregularidades na renovação de contratos urbanos em 2018,Felipe Betim,https://brasil.elpais.com/brasil/2019/04/02/politica/1554238276_248892.html,A Câmara dos Vereadores do ,Brasil,Câmara do Rio abre processo de impeachment contra Crivella,2019-04-02T19:28:19-03:00
"Desemprego no Brasil aumenta e 13,1 milhões de brasileiros estão em busca de um trabalho. Em São Paulo, Mutirão de Emprego atrai 15.000 pessoas e milhares chegam a dormir na fila para deixar o currículo e conseguir uma entrevista de emprego",Diogo Magri,https://brasil.elpais.com/brasil/2019/04/02/politica/1554156937_233006.html,"""Aceito qualquer coisa"". A frase era recorrente entre os candidatos que passaram horas na fila para obter ao menos uma entrevista de trabalho no Mutirão do Emprego, que atraiu 15.000 pessoas interessadas nas 8.000 vagas com carteira assinada oferecidas pelo evento em ",Brasil,14 horas numa fila por um emprego: “As contas e a barriga não esperam”,2019-04-03T15:24:42-03:00
"Após mais de 48 horas de silêncio, Osmar Stábile diz ter pago produto. Planalto repete que não se pronunciará sobre a veiculação do material em canal oficial",Marina Rossi,https://brasil.elpais.com/brasil/2019/04/02/politica/1554241102_323727.html,Mais de 48 horas após o silêncio diante da veiculação de um ,Brasil,Empresário assume financiamento de vídeo pró-golpe veiculado por Governo,2019-04-02T21:31:07-03:00
"Presidente recebe dirigentes de MDB, PP, DEM, PRB e PSD para pedir apoio à reforma da Previdência. Paulo Guedes confirma ida à comissão da Câmara",Afonso Benites,https://brasil.elpais.com/brasil/2019/04/03/politica/1554243545_893051.html,Assim que chegar a Brasília ,Brasil,Bolsonaro abraça a ‘velha política’ em aceno a partidos por reforma da Previdência,2019-04-03T12:33:10-03:00
"“É preciso saber se foi pago com recursos públicos”, diz Gil Castello Branco, do Contas Abertas. Ao 'Globo', ator disse ter sido pago. Mourão disse que ideia foi de Bolsonaro",Marina Rossi,https://brasil.elpais.com/brasil/2019/04/01/politica/1554151562_942843.html,"No último domingo, enquanto militantes a favor e contra a ditadura militar ",Brasil,Quem pagou pelo vídeo revisionista da ditadura distribuído pelo Governo Bolsonaro?,2019-04-02T10:59:05-03:00
Movimento feminista impõe uma nova energia democratizante,El País,https://brasil.elpais.com/brasil/2019/03/07/opinion/1551972628_054337.html,"Hoje, ",Opinião,Igualdade radical,2019-03-07T20:00:00-03:00
"Dados são da pesquisa do Atlas Político, que mostram resiliência petista quase um ano após prisão de Lula. 57,9% são a favor da prisão de ex-presidente",F. B.,https://brasil.elpais.com/brasil/2019/04/04/politica/1554331964_534951.html,O ,Brasil,"PT ainda é a sigla preferida, enquanto PSL e Novo roubam apoio de PSDB e MDB",2019-04-03T22:50:59-03:00
"Em entrevista ao 'Valor', Ricardo Vélez, da Educação, diz que não ocorreu um golpe em 1964",El País,https://brasil.elpais.com/brasil/2019/04/04/politica/1554334968_202816.html,"O ministro da Educação, Ricardo Vélez, segue encampando a agenda mais ideológica do ",Brasil,Ministro promete mudar livros didáticos por “visão mais ampla” da ditadura,2019-04-03T21:57:47-03:00
"Uma semana após cancelar ida à Comissão de Constituição e Justiça, ministro da Economia confirma participação em audiência prevista para às 14h desta quarta-feira",El País,https://brasil.elpais.com/brasil/2019/04/03/politica/1554306984_314990.html,Se não ,Brasil,Paulo Guedes defende sua reforma da Previdência em audiência na Câmara,2019-04-03T14:41:39-03:00
"Chamado de ‘tchutchuca’ pelo petista Zeca Dirceu, ministro da Economia cai na provocação e sessão da CCJ acaba com bate boca depois de quase sete horas de discussão",Afonso Benites,https://brasil.elpais.com/brasil/2019/04/03/politica/1554328445_166119.html,A esperada ida do ,Brasil,Um solitário Paulo Guedes esgrima com a oposição pela reforma da Previdência,2019-04-03T22:53:50-03:00
Presidente fez anúncio em 'live' no Facebook nesta quinta-feira ao lado de Sergio Moro,El País,https://brasil.elpais.com/brasil/2019/04/05/politica/1554416098_449063.html,O ,Brasil,Bolsonaro anuncia 13º salário para o Bolsa Família para marcar 100 dias no poder,2019-04-04T20:38:05-03:00
"Ação aconteceu quando grupo de 25 suspeitos realizaria roubo a duas agências bancárias. À Rádio Bandeirantes, Governador João Doria comemora: ""colocaram no cemitério mais 10 bandidos""",Arthur Stabile e Maria Teresa Cruz (Ponte),https://brasil.elpais.com/brasil/2019/04/04/politica/1554400675_265970.html,"Uma ação da Rota, a tropa de elite da ",Brasil,"Rota mata 11 pessoas em Guararema, na terceira ação policial mais violenta da história de SP",2019-04-04T16:08:02-03:00
Atlas Político confirma tendência de queda na popularidade da gestão e do presidente e mostra índice bom/excelente numericamente atrás de regular e ruim/péssimo. 87% são a favor da prisão de Temer,Felipe Betim,https://brasil.elpais.com/brasil/2019/04/03/politica/1554324591_827255.html,A aprovação do Governo de ,Brasil,Moro é mais popular que Bolsonaro em Governo que segue perdendo aprovação,2019-04-03T22:53:50-03:00
"Marcos Napolitano, professor da USP, diz que o discurso do Governo Bolsonaro sobre o golpe de 64 está mais para negacionismo, pois “tem um ponto de partida ideológico, com objetivo de ocultar o passado”",Regiane Oliveira,https://brasil.elpais.com/brasil/2019/04/05/politica/1554419295_939718.html,Quando ,Brasil,Governo Bolsonaro prega “negacionismo histórico” sobre a ditadura,2019-04-05T00:21:48-03:00
"Presidente sinaliza que deve demitir ministro da Educação, que em evento em São Paulo descarta entregar o cargo. Se confirmada a demissão, será o segundo ministro a cair em menos de 100 dias de Governo",Gil Alessi,https://brasil.elpais.com/brasil/2019/04/05/politica/1554475050_902132.html,"A afirmação de Bolsonaro vem dias após ele afirmar que a demissão de Vélez, antecipada pela colunista da TV Globo Eliane Cantanhênde, era ""fake news"". ""Sofro fake news diárias como esse caso da 'demissão' do Ministro Vélez. A mídia cria narrativas de que NÃO GOVERNO, SOU ATRAPALHADO, etc"", escreveu em sua conta no Twitter.",Brasil,Bolsonaro diz que segunda-feira é “dia do fico ou não fico” para Vélez e aprofunda crise no MEC,2019-04-05T14:06:31-03:00
Pesquisa mostra ainda que 57% dos deputados são contra desconstitucionalização da proposta de Bolsonaro,Afonso Benites,https://brasil.elpais.com/brasil/2019/04/05/politica/1554497614_251972.html,Uma pesquisa feita com 57 líderes de partidos e de bancadas da Câmara dos Deputados mostra que a reforma da Previdência de ,Brasil,"Para 75% dos líderes do Congresso, Previdência está sendo mal articulada",2019-04-05T18:15:47-03:00
"Há menos de uma semana, presidente fez ressalvas sobre o acordo que já tinha elogiado na campanha",Heloísa Mendonça,https://brasil.elpais.com/brasil/2019/01/11/economia/1547161818_874405.html,Foram necessários apenas poucos dias e uma reunião para que o presidente ,Economia,"Instruído por ministros, Bolsonaro dá sinal verde para fusão Embraer-Boeing",2019-01-11T11:54:49-02:00
Superministro propõe incluir sistema de capitalização em reforma da Previdência. Ele já pôs na mesa banir regras de gasto obrigatório com saúde e educação,H. M.,https://brasil.elpais.com/brasil/2019/01/03/economia/1546549523_759922.html,A principal pauta econômica de ,Economia,Os percalços dos planos A e B de Paulo Guedes para controlar o gasto público,2019-01-09T16:12:58-02:00
"Fórum Econômico Mundial estende seu tapete vermelho neste ano ao recém-empossado presidente do Brasil, numa edição com reduzida presença de líderes internacionais",Alicia González (Enviada Especial),https://brasil.elpais.com/brasil/2019/01/18/economia/1547849826_429163.html,"Trump não é o único mandatário que abre mão de ir a Davos neste ano por causa dos problemas políticos internos. Seu homólogo francês, ",Economia,Davos esvaziada recebe Bolsonaro como astro da nova política,2019-01-21T17:54:24-02:00
"Falta de detalhes sobre medidas concretas gera frustração na audiência do Fórum. “Foi um pouco decepcionante, mas a verdade é que as metas que fixou foram alentadoras”, avaliava o economista-chefe da seguradora de riscos IHS",Alicia González (ENVIADA ESPECIAL),https://brasil.elpais.com/brasil/2019/01/22/economia/1548182020_953667.html,Havia expectativa no ,Economia,O breve discurso de Bolsonaro decepciona em Davos,2019-01-23T11:32:00-02:00
"Chegada do ultradireitista ao poder faz disparar as ações, mas cifras não ofuscam crise profunda da empresa",Thiago Ferrer Morini,https://brasil.elpais.com/brasil/2019/01/09/economia/1547038307_822194.html,"Durante sua triunfante campanha presidencial, ",Economia,"Taurus, ascensão de uma fabricante de armas com Bolsonaro",2019-01-15T18:32:43-02:00
"Jean-Dominique Senard, executivo francês de 66 anos que comanda a fábrica de pneus Michelin, deve ser nomeado nesta quinta para dirigir o grupo, segundo a imprensa francesa",Agências,https://brasil.elpais.com/brasil/2019/01/24/economia/1548315070_549676.html,O executivo franco-brasileiro ,Economia,Carlos Ghosn deixa presidência da Renault para não ser destituído,2019-01-24T11:47:10-02:00
Economista-chefe do Fundo espera que bancos centrais adaptem suas políticas ao novo cenário de desaceleração,ALICIA GONZÁLEZ (ENVIADA ESPECIAL),https://brasil.elpais.com/brasil/2019/01/21/economia/1548070597_251363.html,"A expansão continua, mas está perdendo força mais rápido do que o projetado há alguns meses, admitiu nesta segunda-feira em Davos a nova economista-chefe do FMI, Gita Gopinath. E, embora a redução seja modesta (de dois décimos este ano e de um décimo em 2020, para 3,6%), o crescente vínculo entre as tensões comerciais e os mercados financeiros em um cenário de condições financeiras mais restritivas aumenta significativamente os riscos de expansão mais fraca este ano.",Economia,Guerra comercial leva FMI a cortar previsões para crescimento mundial,2019-01-21T14:05:23-02:00
"Sejam entregadores ou prestadores de serviços técnicos, os trabalhadores estão submetidos à ditadura da avaliação virtual dos clientes",Pablo Ordaz,https://brasil.elpais.com/brasil/2019/01/23/economia/1548260634_440077.html,"Apenas sete anos depois de sua estreia, ",Economia,Os entregadores de comida são reféns do seu ‘like’,2019-02-01T17:25:29-02:00
Responsável pelas Américas na instituição acredita em recuperação da economia brasileira com agenda econômica de Bolsonaro,Ignacio Fariza,https://brasil.elpais.com/brasil/2019/02/05/economia/1549406907_870999.html,"O nome de Alejandro Werner, diretor do ",Economia,“O debate de políticas públicas na América Latina continua girando em torno de temas dos anos oitenta”,2019-02-06T12:11:11-02:00
Pacific Gas & Electric enfrenta centenas de processos por negligência em incêndios com mortos.,Pablo Ximénez de Sandoval,https://brasil.elpais.com/brasil/2019/01/30/economia/1548804494_947066.html,"O maior fornecedor de eletricidade da Califórnia e dos Estados Unidos, a Pacific Gas & Electric, se declarou em quebra nesta terça-feira diante da impossibilidade de assumir o custo de centenas de processos por sua suposta responsabilidade nos ",Economia,Maior elétrica dos EUA declara falência por responsabilidade nos incêndios na Califórnia,2019-01-30T21:32:28-02:00
"Durante dois anos, 2.000 pessoas desempregadas receberam 2.370 reais por mês. Saúde, autoestima e otimismo dos beneficiários melhoraram, mas situação profissional pouco mudou",Luis Doncel,https://brasil.elpais.com/brasil/2019/02/09/economia/1549710265_204922.html,"Em dezembro de 2016, Tuomas Mujara sentiu que havia tirado a sorte grande na loteria. Esse jornalista ",Economia,Finlândia conclui experiência de renda básica universal com resultados ambíguos,2019-02-10T15:31:42-02:00
"Governo de Macron testa aplicativo com geolocalização para celular que convida aqueles que completam 18 anos a gastar em cinemas, teatros, livros, cursos ou assinaturas ‘online’",Álex Vicente,https://brasil.elpais.com/brasil/2019/02/10/economia/1549824741_995515.html,O Governo francês testa a partir desta semana o “passe cultural” prometido por ,Economia,França impulsiona o acesso juvenil à cultura com um cheque de 500 euros,2019-02-11T14:46:43-02:00
"Integração com o Banco Popular e redução das provisões melhoram o balanço do banco, com resultado positivo de 33,2 bilhões de reais",Íñigo de Barrón,https://brasil.elpais.com/brasil/2019/01/30/economia/1548832025_256415.html,O ,Economia,"Puxado por Brasil e Espanha, lucro do Santander cresce 18% em 2018",2019-01-30T13:10:51-02:00
"Trabalho temporário volta a crescer na Europa, mesmo após reformas. Na América Latina, recuperação econômica terá efeito modesto na geração de emprego",Luis Doncel,https://brasil.elpais.com/brasil/2019/02/13/economia/1550088419_496910.html,"“A prevalência de contratos temporários de curta duração pode exacerbar a sensação de insegurança dos trabalhadores, aumentando a volatilidade de seus rendimentos e frustrando suas carreiras profissionais. Os indícios sugerem que a taxa de ",Economia,OIT alerta para precarização do emprego em nível mundial,2019-02-14T12:35:22-02:00
"Uma década depois do nascimento de plataformas como Airbnb e Uber, as administrações públicas enfrentam o desafio de dar forma a um fenômeno destinado a transformar o modelo de produção e as relações trabalhistas",Luis Doncel,https://brasil.elpais.com/brasil/2019/02/23/economia/1550946892_712943.html,Uma avalanche de patinetes elétricos encheu no ano passado o centro de ,Economia,A enorme (e inadiável) tarefa de regular o capitalismo digital,2019-02-24T23:07:53-03:00
"Agência de risco Moody's rebaixou, em escala global, ratings da mineradora brasileira",El País / Agências,https://brasil.elpais.com/brasil/2019/02/28/economia/1551308589_637944.html,Para além da ,Economia,Tragédia em Brumadinho derruba grau de investimento da Vale,2019-02-27T20:37:39-03:00
"Empresa pedia três bilhões de dólares em incentivos fiscais para construir nova sede, que prometia novos empregos mas também gentrificação acelerada de região",Amanda Mars,https://brasil.elpais.com/brasil/2019/03/01/economia/1551436018_816140.html,"Em Long Island City, o bairro de ",Economia,A força que barrou um mega projeto da Amazon em Nova York,2019-03-03T20:13:48-03:00
"Investimento das empresas caiu 2,5% no último trimestre apesar do otimismo do setor privado com a economia naquele período",Heloísa Mendonça,https://brasil.elpais.com/brasil/2019/02/28/economia/1551354385_508188.html,A ,Economia,"PIB de 1,1% em 2018 e resultado pífio no final do ano desafiam Governo Bolsonaro",2019-03-02T20:16:07-03:00
Ações da fabricante brasileira chegam a subir 4% após confirmação de que gigante assumirá seu controle,El País/ Agências,https://brasil.elpais.com/brasil/2019/02/26/economia/1551217482_562694.html,Os acionistas da ,Economia,Acionistas da Embraer aprovam acordo com Boeing e fusão pode ser firmada neste ano,2019-02-26T19:15:06-03:00
"Executivo brasileiro, ex-presidente do grupo Nissan-Renault, é investigado por crimes fiscais em Tóquio e pode pegar até 15 anos de prisão",Agências,https://brasil.elpais.com/brasil/2019/03/06/economia/1551867342_085476.html,"O ex-presidente do conglomerado automobilístico formado por Renault, Nissan e Mitsubishi, ",Economia,Carlos Ghosn é solto sob fiança após mais de três meses na prisão,2019-03-06T10:47:17-03:00
"“O ‘crash’ do Lehman Brothers pode se repetir a qualquer momento”, prevê o sociólogo",Claudi Pérez,https://brasil.elpais.com/brasil/2019/03/02/economia/1551555086_759013.html,"Terno cinza, camisa escura e fala tranquila, quase monocórdica: à primeira vista não há absolutamente nada que leve a crer que o intelectual alemão ",Economia,"Wolfgang Streeck: “É preciso quebrar o euro, e logo”",2019-03-03T22:46:20-03:00
"É a maior operação internacional da estatal aeroportuária espanhola, que tem 51% das ações controladas pelo Estado espanhol",José Luis Aranda,https://brasil.elpais.com/brasil/2019/03/15/economia/1552664297_148423.html,O Governo ,Economia,Estatal espanhola fica com aeroportos do Nordeste em leilão positivo para Bolsonaro,2019-03-15T21:49:28-03:00
"Chama-se Minerva, e seus alunos estudam em sete cidades espalhadas pelo mundo, provocando uma revolução no panorama universitário dos EUA",Bárbara Sánchez,https://brasil.elpais.com/brasil/2019/03/05/economia/1551780790_307325.html,"Todos os anos, dezenas de milhares de estudantes de todo o mundo tentam a sorte em um caminho que, para muitos, parece impossível de ser percorrido: conseguir uma vaga em uma das ",Economia,A universidade que quer oferecer uma educação do nível de Harvard pela metade do preço,2019-03-07T15:04:58-03:00
"Com resultado de 430 bilhões de reais em 2018, petroleira se torna companhia mais rentável do mundo",El País,https://brasil.elpais.com/brasil/2019/04/01/economia/1554118986_943433.html,"A Aramco, empresa estatal petroleira da ",Economia,"A empresa saudita que lucra mais que Apple, Facebook e Microsoft juntas",2019-04-02T12:07:45-03:00
"""Frota é composta por 121 aeronaves Boeing, das quais sete modelos 737 Max 8"", informou a empresa",Rodolfo Borges,https://brasil.elpais.com/brasil/2019/03/12/economia/1552348497_974023.html,A ,Economia,Gol anuncia suspensão de voos com Boeing 737 Max 8 após acidente na Etiópia,2019-03-11T23:48:40-03:00
Empresa anuncia em um comunicado que a eliminação de postos de trabalho se dará mediante a não substituição dos funcionários que se aposentam,Agências,https://brasil.elpais.com/brasil/2019/03/13/economia/1552464492_112689.html,A ,Economia,Volkswagen vai cortar entre 5.000 e 7.000 empregos até 2023 em sua aposta no carro elétrico,2019-03-13T12:47:08-03:00
Brasil ocupa apenas a 10ª posição entre os países da América Latina quanto à participação de mulheres em conselhos corporativos,Breiller Pires,https://brasil.elpais.com/brasil/2019/03/07/economia/1551992548_346845.html,Seis em cada dez empresas com ações negociadas na Bolsa de Valores de São Paulo (Bovespa) não têm nenhuma mulher em seu conselho de administração. São 424 companhias cuja cúpula decisória é 100% masculina. A ,Economia,58% das empresas da Bovespa não têm nenhuma mulher no conselho de administração,2019-03-09T13:13:32-03:00
Christine Lagarde afirma que crescimento global é vulnerável e a desaceleração é mais pronunciada do que se previa,Sandro Pozzi,https://brasil.elpais.com/brasil/2019/04/02/economia/1554201957_597143.html,"A economia mundial perde força. É algo que ficará patente nas previsões que o Fundo Monetário Internacional divulgará na semana que vem. Essa moderação, como alertou o Federal Reserve ao manter inalterada a taxa de juros, é mais pronunciada do que o previsto e provoca nervosismo. ",Economia,"FMI descarta recessão mundial, mas alerta para o impacto do Brexit e da guerra comercial",2019-04-02T13:21:08-03:00
"Maiores afetados pela freada no continente serão a Alemanha, que crescerá muito devagar, e Itália, que continuará em recessão técnica",Silvia Ayuso,https://brasil.elpais.com/brasil/2019/03/06/economia/1551859271_279508.html,"Em nível global, as tensões comerciais e a “persistente” incerteza política continuam ameaçando uma ",Economia,OCDE reduz fortemente a previsão de crescimento da zona do euro em 2019,2019-03-06T09:35:53-03:00
"Dificuldade de reverter o quadro é atribuída a vários fatores. Contas públicas no vermelho e contenção de gastos impedem que Governo impulsione a atividade econômica, como aconteceu em outras crises",Heloísa Mendonça,https://brasil.elpais.com/brasil/2019/03/21/economia/1553205979_786023.html,"O Brasil tem acumulado mais faíscas do que consensos no caminho para sua reforma da Previdência, apontada pelo próprio ",Economia,Curto-circuito político faz da economia o calcanhar de Aquiles de Bolsonaro,2019-03-22T21:29:44-03:00
"Diante do que já foram os carnavais medievais na Igreja, os de hoje poderiam ser considerados até excessivamente castos",Juan Arias,https://brasil.elpais.com/brasil/2019/03/08/opinion/1552000058_343534.html,"O presidente brasileiro, o capitão aposentado ",Opinião,Querer matar o Carnaval é um atentado à alma do Brasil,2019-03-07T21:12:05-03:00
"Bolsonaro, que governa o Brasil pela administração do ódio, deveria ser o maior interessado em desvendar o crime",Eliane Brum,https://brasil.elpais.com/brasil/2019/03/13/opinion/1552485039_897963.html,Quando soube que ,Opinião,Quem mandou matar Marielle? E por quê?,2019-03-14T18:44:02-03:00
"A temida palavra ‘socialista’ já não é mais tabu entre os jovens do país. Críticos da má distribuição de oportunidades e do ‘status quo’, encontraram sua voz em Alexandria Ocasio-Cortez",Fernando Vallespín,https://brasil.elpais.com/brasil/2019/03/07/opinion/1551972909_806992.html,"Uma das maiores fraturas políticas atuais, junto com a urbana/rural, é a de gerações. E, mais do que em outros lugares, isto se torna visível no mundo anglo-saxão. Se fossem apurados unicamente os votos dos menores de 25 anos nas últimas eleições legislativas britânicas, o Partido Conservador não teria obtido nem um só assento na Câmara dos Comuns. O voto dos jovens, que já tinha sido majoritariamente contrário ao ",Opinião,Socialismo ‘millennial’ nos EUA,2019-03-10T20:31:48-03:00
É erro grave presumir que queda de Maduro e promoção de eleições livres seriam garantia para resolver problemas do país vizinho,Oliver Stuenkel,https://brasil.elpais.com/brasil/2019/03/11/opinion/1552342672_852167.html,"Nos últimos anos, a maioria dos comentaristas internacionais cometeu dois erros ao analisar a situação da ",Opinião,Grupos que sustentam Maduro serão principal desafio a qualquer futuro governo na Venezuela,2019-03-11T20:27:09-03:00
As jornalistas da redação do Brasil se somam à paralisação das mulheres do EL PAÍS da Espanha num ato solidário a todas as brasileiras que precisam se sentir reconhecidas em suas diferenças por viver a condição feminina,Carla Jiménez,https://brasil.elpais.com/brasil/2019/03/07/opinion/1551992340_146907.html,As mulheres da ,Opinião,Greve de mulheres na redação do EL PAÍS,2019-03-07T23:25:14-03:00
"No final dos anos sessenta criei muito carinho pela Inglaterra; fui deixando de ser um socialista e me transformando pouco a pouco no que ainda tento ser, um liberal",Mario Vargas Llosa,https://brasil.elpais.com/brasil/2019/03/15/opinion/1552649482_430368.html,Vim a ,Opinião,Cidade imensa e triste,2019-03-16T20:00:42-03:00
"No 30º aniversário da World Wide Web, seu criador reflete sobre como a Internet facilitou nossas vidas, mas também deu voz aos que propagam o ódio",Tim Berners-Lee,https://brasil.elpais.com/brasil/2019/03/11/opinion/1552298297_783559.html,"Hoje, 30 anos depois da minha proposta original de um sistema de gerenciamento da informação, meio mundo usa a ",Opinião,As três ameaças que pairam sobre a web,2019-03-12T16:41:46-03:00
"É sintomático que, por mais esforços que o novo Governo tenha feito para enterrar Marielle e deixá-la apodrecer no esquecimento, ela continuou ressuscitando",Juan Arias,https://brasil.elpais.com/brasil/2019/03/14/opinion/1552603786_215813.html,Tem razão ,Opinião,Marielle atemoriza porque representa tudo o que a estética bolsonarista combate e despreza,2019-03-15T03:25:45-03:00
"Nós, jovens de todo o mundo, não iremos à escola hoje para exigir dos adultos a responsabilidade por deter a mudança climática",Greta Thunberg,https://brasil.elpais.com/brasil/2019/03/14/opinion/1552583083_746638.html,"Começou em frente ao parlamento sueco em 27 de agosto, um dia de aula como outro qualquer. ",Opinião,Não podemos esperar,2019-03-15T12:23:53-03:00
O fenômeno é muito mais comum do que a novidade da palavra parece sugerir: são muitas as mulheres que ignoram ter sofrido com isso,Debora Diniz,https://brasil.elpais.com/brasil/2019/03/21/opinion/1553125734_101001.html,"A expressão “violência obstétrica” ofende médicos. Dizem não existir o fenômeno, mas casos isolados de imperícia ou negligência médicas. O que aconteceu com a brasileira ",Opinião,"Violência obstétrica, uma forma de desumanização das mulheres",2019-03-20T21:42:16-03:00
"História seria outra se investigação evoluísse quando propina foi revelada em 2016, durante processo de fritura de Dilma Rousseff que levou ao impeachment",Daniel Haidar,https://brasil.elpais.com/brasil/2019/03/22/opinion/1553273072_697119.html,"Não é preciso ser admirador do físico alemão Albert Einstein para concordar que, especialmente no Judiciário brasileiro e na ",Opinião,O curioso tempo da prisão de Temer,2019-03-22T18:53:21-03:00
"Afrouxar o licenciamento ambiental aumenta a margem de lucro das empresas, em função da redução dos custos. Porém, quando ocorre um desastre ambiental, o que há é uma socialização dos prejuízos, que são pagos pela sociedade como um todo",Virgílio Viana,https://brasil.elpais.com/brasil/2019/03/15/opinion/1552674544_685747.html, é uma boa oportunidade para refletir sobre uma visão muito disseminada no Brasil de que a proteção ambiental ,Opinião,Não há desenvolvimento sem proteção ambiental,2019-03-16T20:49:46-03:00
O peso da busca por água limpa longe da segurança da própria comunidade recai de forma desproporcional sobre as mulheres,Ana de Lemos,https://brasil.elpais.com/brasil/2019/03/22/opinion/1553282820_982188.html,Dois bilhões de pessoas consomem ,Opinião,O impacto invisível da falta de acesso à água,2019-03-22T18:19:25-03:00
"“Aqui, no Brasil, a raposa seria escolhida presidente”, comenta um leitor",Juan Arias,https://brasil.elpais.com/brasil/2019/03/18/opinion/1552937376_133392.html,Um leitor deste jornal criticou o fato de o jornal perder tempo publicando que ,Opinião,Brasileiros transformam em metáfora política a história das galinhas que se rebelaram contra a raposa,2019-03-18T16:56:22-03:00
"Movimento que cresce na Europa, EUA e América Latina não se apresenta da mesma forma em todos os lugares, mas mescla em doses distintas algumas características",Joaquín Estefanía,https://brasil.elpais.com/brasil/2019/03/22/opinion/1553264899_947348.html,"Há um século, o alemão Oswald Spengler publicou em dois volumes ",Opinião,Mas quem é essa nova direita que ganha espaço pelo mundo?,2019-03-23T20:00:17-03:00
"A eleição de Bolsonaro e sua decisão de comemorar o golpe representam simbólica e, espero, provisoriamente, a vitória da memória e do sentimento autoritário",Clóvis Gruner,https://brasil.elpais.com/brasil/2019/03/26/opinion/1553638697_638185.html,O presidente ,Opinião,Celebrar o golpe representa uma derrota para a democracia,2019-03-27T17:32:58-03:00
"Eu, como quase todos, fui educada para ser imortal",Leila Guerriero,https://brasil.elpais.com/brasil/2019/03/18/opinion/1552929453_273695.html,"Quando me queixo por algum pequeno mal-estar, o homem com quem vivo diz: “Você está viva”. Significa: “Se você passa algum tempo sobre esta terra, o material vai se desgastar. Quer dizer que está viva: não reclame”. É uma filosofia pragmática que acho inexplicável: eu, como quase todos, fui educada para ser imortal. Al Alvarez escreve em ",Opinião,Velhos,2019-03-19T20:00:27-03:00
As teorias da conspiração pressupõem que os dois lados de uma disputa científica ou social devem ter a mesma veracidade,Lucía Lijtmaer,https://brasil.elpais.com/brasil/2019/03/21/opinion/1553190541_750395.html,Estes são tempos de lagartos. Basta olhar ao nosso redor: a ,Opinião,A era dos reptilianos,2019-03-22T20:00:26-03:00
"País teve um dos regimes mais sanguinários do continente, com ao menos 30.000 mortos",Federico Rivas Molina,https://brasil.elpais.com/brasil/2019/03/30/opinion/1553971198_297214.html,"Em 18 de setembro de 1985, o procurador Julio César Strassera completou 52 anos. Uma coincidência o levou a ficar nesse dia diante dos militares que logo seriam sentenciados por crimes contra a humanidade cometidos ",Opinião,"Na Argentina, falar da ditadura e dos militares que a conduziram é motivo de desonra",2019-03-31T11:31:55-03:00
"A ideia do novo Governo ultraconservador de Bolsonaro é colocar a Bíblia no centro do ensino, não somente como matéria religiosa, e sim para servir de base até para matérias como matemática, história e geografia",Juan Arias,https://brasil.elpais.com/brasil/2019/03/23/opinion/1553300746_572896.html,"O Brasil é, depois dos Estados Unidos, o segundo maior país do continente americano. É uma das grandes democracias do mundo, com uma Constituição que sanciona a laicidade do Estado e sofre um grave ",Opinião,Querer colocar a Bíblia no centro da educação escolar significa devolver o Brasil às cavernas,2019-03-23T12:11:23-03:00
"Com status de primeiro-ministro, partido caminha para ser peça estratégica na sustentação do Governo Bolsonaro",Murilo Medeiros,https://brasil.elpais.com/brasil/2019/03/30/opinion/1553903046_396682.html,"As voltas que o mundo político dá é impressionante. O Democratas, aquele mesmo que o ",Opinião,A primavera do DEM,2019-03-30T10:21:58-03:00
"O regime militar merece ser recordado, mas não pelos motivos errados. Reconhecer o passado enaltece conquistas sociais, como o próprio combate à corrupção",Jerusa Burmann Viecili,https://brasil.elpais.com/brasil/2019/03/30/opinion/1553972319_896574.html,"A história de um país não pode ser apagada, sequer reescrita: é inegável que o ",Opinião,A história não pode ser apagada ou reescrita. Lembrar que houve ditadura valoriza as conquistas de hoje,2019-03-30T18:02:08-03:00
"Presidente deixou o país na data que defendeu celebrar, e brasileiros fiéis à democracia deixaram clara sua rejeição à ditadura em jornais, redes sociais e manifestações de rua",Juan Arias,https://brasil.elpais.com/brasil/2019/04/01/opinion/1554078976_839038.html,"O presidente brasileiro, ",Opinião,A fuga simbólica de Bolsonaro para Israel no 55º aniversário da ditadura brasileira,2019-04-01T08:26:07-03:00
"Ao determinar a comemoração do golpe militar de 1964, o antipresidente busca manter o ódio ativo e barrar qualquer possibilidade de justiça",Eliane Brum,https://brasil.elpais.com/brasil/2019/03/27/opinion/1553688411_058227.html,"O próximo domingo, 31 de março, marca 55 anos do ",Opinião,Bolsonaro manda festejar o crime,2019-03-27T22:52:15-03:00
"De marcha à ré com a pátria bolsonarista, o palhaço canta “Este é um país que vai pra frente, ô, ô, ô”",Xico Sá,https://brasil.elpais.com/brasil/2019/04/05/opinion/1554470581_987018.html,"Pisava em legos, distraído, sem saber que a ventura dessa vida, é tentar uma dose diária de brincante alienação.",Opinião,Guia lúdico para manter a sanidade no Brasil,2019-04-05T11:10:12-03:00
Essa articulação requererá deixar de lado diferenças e firmar um compromisso pela defesa do interesse da sociedade brasileira como um todo,"Daniel T. Peres, Rafael L. Azize, Renata Nagamine e Renata Gomes",https://brasil.elpais.com/brasil/2019/04/03/opinion/1554293843_323322.html,1. Passados menos de ,Opinião,Não temos tempo a perder. A hora de unir as forças democráticas é agora,2019-04-03T11:43:41-03:00
"A guerra, a das armas e das ideologias, é a grama que melhor parece crescer nesse jardim sombrio do capitão reformado caçador de conflitos",Juan Arias,https://brasil.elpais.com/brasil/2019/04/05/opinion/1554415514_520936.html,O presidente ,Opinião,Os sete tiros de fuzil do presidente,2019-04-04T20:47:09-03:00
A descoberta de um remédio que acaba com a dor psíquica de centenas de milhares de mulheres provoca o mesmo impacto social que um novo tipo de batata causaria,Leila Guerriero,https://brasil.elpais.com/brasil/2019/04/02/opinion/1554217983_044519.html,A ,Opinião,A depressão pós-parto das reprodutoras,2019-04-03T16:27:46-03:00
O país enfrenta uma brutal contração demográfica.,Andrea Rizzi,https://brasil.elpais.com/brasil/2019/03/21/internacional/1553180920_032158.html,"A simpática senhora Fumiko Nakajima, de 85 anos, parece caminhar com serenidade nesse território estranho que é a reta final da vida. Sentada em sua cadeira de rodas como um pássaro em seu ninho no quarto andar do lar de idosos Zenkoukai, em ",Internacional,"Em busca de um equilíbrio entre idosos, imigrantes e robôs no Japão",2019-04-02T20:14:22-03:00
Erra quem reduz a lei da mordaça à questão do aborto. E erra ainda mais quem pensa que a lei seja capaz de reduzir ou prevenir o número de abortos no mundo,Debora Diniz,https://brasil.elpais.com/brasil/2019/04/05/opinion/1554494851_748053.html,"Mike Pompeo, secretário de estado dos Estados Unidos, é um ",Opinião,Quando o imperialismo mira as mulheres,2019-04-05T17:24:47-03:00
"Símbolo da luta pela visibilidade das indígenas na Bolívia, um grupo de mulheres aimarás acaba de completar seu último desafio: chegar ao cume do Aconcágua, o mais alto da América",Enrique Vaquerizo,https://brasil.elpais.com/brasil/2019/03/22/internacional/1553277982_341963.html,"Lidia Huayllas vem subindo o Huayna Potosí há mais de 25 anos. A montanha, com 6.088 metros de altitude, é uma das mais emblemáticas da ",Internacional,A ascensão imparável das ‘cholitas escaladoras’,2019-04-03T12:33:09-03:00
"Lori Lightfoot supera Toni Preckwinkle, também afro-americana, por quase 50 pontos",Yolanda Monge,https://brasil.elpais.com/brasil/2019/04/03/internacional/1554261437_488996.html,"Acompanhada por sua esposa e sua filha, a democrata Lori Lightfoot, mulher negra de 56 anos, declarou sua vitória em ",Internacional,Chicago elege sua primeira prefeita negra e homossexual,2019-04-03T17:11:06-03:00
"O célebre colégio Stuyvesant se torna também o epicentro da segregação: apenas 7 dos 895 novos alunos para o próximo ano letivo são afro-americanos, enquanto três quartos são asiáticos",Sandro Pozzi,https://brasil.elpais.com/brasil/2019/04/01/internacional/1554147846_545287.html,"A Stuyvesant High School é a grande joia do sistema educacional nova-iorquino, o colégio público aonde famílias com filhos brilhantes, mas sem recursos, aspiram a levar seus filhos. Com fama de ser um universo ultracompetitivo, abre as portas a universidades de elite como Columbia, ",Internacional,Só sete jovens negros no Olimpo da educação pública de Nova York,2019-04-03T10:26:47-03:00
"Presidente do Conselho Europeu defende prorrogação por um ano, com a possibilidade de saída a qualquer momento se houver acordo. França diz achar prematuro falar em outro adiamento",Agências,https://brasil.elpais.com/brasil/2019/04/05/internacional/1554451122_815643.html,"O presidente do Conselho Europeu, ",Internacional,May pede a Bruxelas adiamento do Brexit até 30 de junho,2019-04-05T08:55:01-03:00
A aplicação da lei islâmica desencadeia campanhas de boicote e condenação internacional,EFE,https://brasil.elpais.com/brasil/2019/04/03/internacional/1554284355_385703.html,"O apedrejamento ou mutilação de membros são punições baseadas na lei islâmica (sharia) que entraram em vigor nesta quarta-feira no Sultanato de Brunei, em meio a campanhas de boicote e condenação por parte da comunidade internacional.",Internacional,Brunei começa a punir com apedrejamento o adultério e a homossexualidade,2019-04-03T13:34:12-03:00
Familiares e amigos de vítimas narram em primeira pessoa as últimas horas com vida de entes queridos,Mar Centenera,https://brasil.elpais.com/brasil/2019/03/29/internacional/1553885143_703482.html,"""Meu nome é Ángel Gerardo Pisarello. É 24 de junho de 1976, e acho que os militares vêm me buscar"", ouve-se num áudio divulgado há duas semanas nas ",Internacional,Vozes recuperadas da ditadura argentina,2019-04-03T19:02:23-03:00
"EL PAÍS localiza, em meio a milhares de famílias jihadistas num campo de acolhida, três mulheres que viajaram com seus maridos para a Síria em 2014 e sobreviveram ao desmoronamento do califado",Natalia Sancha,https://brasil.elpais.com/brasil/2019/04/03/internacional/1554297555_947058.html,"“A única coisa que desejamos é sair daqui. Não podem nos condenar por cuidar da casa e de nossos filhos no Estado Islâmico”, dizem Yolanda Martínez, Luna Fernández e Lubna Miludi. São cidadãs espanholas que viajaram com seus maridos para a Síria em 2014 e sobreviveram ao desmoronamento do califado do ",Internacional,As três espanholas do Estado Islâmico: “Só queremos ir embora”,2019-04-04T12:07:07-03:00
"O espanhol Ángel Hernández atendeu ao desejo da mulher María José e a ajudou a tomar um medicamento letal. “Quero o final o quanto antes”, dizia ela em outubro passado a este jornal",Emilio de Benito,https://brasil.elpais.com/brasil/2019/04/04/internacional/1554365744_092895.html,"Ángel Hernández e María José Carrasco estavam decididos. No dia em que ela assim quisesse, ele a ajudaria a tirar a própria vida. Carrasco sofria de ",Internacional,Idoso é preso por ajudar esposa a fazer eutanásia após 30 anos de luta contra esclerose múltipla,2019-04-04T14:39:50-03:00
O sistema previdenciário vigente é insustentável e muito desigual. A reforma debatida pelo Congresso marcará o sucesso ou o fracasso do mandato de Bolsonaro,Naiara Galarraga Gortázar,https://brasil.elpais.com/brasil/2019/03/26/economia/1553629605_589314.html,A verdadeira casta –parte do 1% do Brasil– são os ,Economia,Aposentar-se aos 53 e solteiras que herdam pensões... Os abismos da Previdência brasileira,2019-03-29T12:38:58-03:00
"Apesar de todos os avanços das mulheres nos mais diversos campos sociais e das mudanças de comportamento da sociedade, o trabalho doméstico segue sendo responsabilidade feminina",Luana Pinheiro*,https://brasil.elpais.com/brasil/2019/03/07/opinion/1551996217_433591.html,"Essas são falas conhecidas. Todas nós, mulheres, já as escutamos em algum almoço familiar, em conversas com amigos, nos nossos ambientes profissionais ou de nossos parceiros conjugais. Muitas vezes podemos até ter repetido algumas delas, dizendo como nossos companheiros são ""modernos” e menos enquadrados no padrão machista ",Opinião,Mulheres e homens no trabalho doméstico não remunerado,2019-03-09T12:34:06-03:00
Bolsonaro lança cortina de fumaça nas redes sociais em detrimento da imagem institucional do Brasil,,https://brasil.elpais.com/brasil/2019/03/07/opinion/1551926876_408228.html,"Nos apenas dois meses em que está no cargo, o presidente ",Opinião,Um tuíte muito vulgar,2019-03-07T17:50:46-03:00
O preconceituoso capitão-presidente reivindica e cumpre o lugar de fala de um Brasil da pornochanchada,Xico Sá,https://brasil.elpais.com/brasil/2019/03/11/opinion/1552309318_164942.html,"Não precisamos recorrer a seriados chiques e distópicos, como abestalhadamente já fez este cronista. Nem citar os ",Opinião,Bolsonaro: proibidão para menores e maiores,2019-03-11T10:50:39-03:00
Empresa teme perda de confiança depois da morte de 345 pessoas em dois acidentes aéreos em cinco meses,Sandro Pozzi,https://brasil.elpais.com/brasil/2019/03/16/economia/1552759107_537956.html,A segurança é essencial para o negócio da ,Economia,Boeing enfrenta crise mais difícil de sua história,2019-03-18T13:39:59-03:00
"A Espanha começa a decolar no uso desse material sustentável, que já é fundamental na construção civil de alguns países",Sandra López Letón,https://brasil.elpais.com/brasil/2019/03/21/economia/1553167229_981390.html,"O mundo está disputando uma corrida para construir o edifício de madeira mais alto. Esses arranha-céus sem cimento nem aço tentam despertar consciências. E, sobretudo, ser pioneiros em ultrapassar os limites da madeira como material de construção. A ",Economia,O mundo se rende aos arranha-céus de madeira,2019-03-23T12:32:58-03:00
"A plataforma de música em ‘streaming’ estreia com a Renault sua primeira campanha de ‘happy targeting’, que só mostra os anúncios a quem ouve listas de reprodução mais alegres",El País Retina,https://brasil.elpais.com/brasil/2019/03/24/economia/1553429256_346859.html,O dia 20 de março passado foi o Dia da ,Economia,Spotify lança publicidade apenas para pessoas felizes,2019-03-24T10:08:18-03:00
Mackenzie Bezos manterá 25% da participação que compartilhava com o marido.,Pablo Ximénez de Sandoval,https://brasil.elpais.com/brasil/2019/04/04/economia/1554399885_277334.html,"Mackenzie Bezos, ex-mulher de ",Economia,Ex-mulher de Jeff Bezos fica com 35 bilhões de dólares em ações da Amazon,2019-04-04T18:33:01-03:00
